z_position_m,stage1_q_CO2_mol_kg,stage1_q_N2_mol_kg,stage2_q_CO2_mol_kg,stage2_q_N2_mol_kg,stage3_q_CO2_mol_kg,stage3_q_N2_mol_kg,stage4_q_CO2_mol_kg,stage4_q_N2_mol_kg,stage2_c_CO2_mol_m3,stage2_c_N2_mol_m3
0.025,1.597455921950693,0.18440740439638312,1.7313008432266324,0.17917598218599382,1.670148965548408,0.17993263948675378,1.6064491831613057,0.16300131306265847,8.032029502627514,51.49284266277304
0.075,1.2270945330638203,0.20227991060507208,1.4234742797620246,0.1970985206992451,1.3555000868323863,0.1973155863479649,1.2874657672248855,0.17539401034010377,6.0816454116508085,51.60631346048609
0.125,0.7722258339933468,0.22276698926061733,0.98295913059251,0.22291861356242276,0.9287535004342724,0.22060246474886494,0.8750734743278527,0.19068792293955053,3.765471817046721,51.74114387796332
0.175,0.37728019941367175,0.23747042931840873,0.5380446302560168,0.2491173274846457,0.5069605319027622,0.24283831420147528,0.47613325089523817,0.2028357613578206,1.8697442255147945,51.848848642780965
0.22499999999999998,0.1471318102850492,0.2411293318605797,0.23498493246063692,0.26698675495252794,0.22117044206112646,0.2563947725186258,0.207460179228717,0.20601243272785827,0.771022152275721,51.90330667824619
0.27499999999999997,0.049214515389375574,0.23630772458016402,0.08667163973292141,0.2756287493377927,0.08151837566985783,0.26065660072330415,0.07641602545093534,0.20038056985094163,0.27814968439858084,51.91068655316062
0.325,0.015378400805649159,0.22706424863101612,0.02886696609101751,0.2787626121795231,0.027171559914623732,0.2590252150843619,0.02549979154542936,0.189202447720515,0.09220212372390289,51.88239835366315
0.375,0.005203451852022843,0.21558755127509402,0.009501400009400182,0.2794257294801394,0.008996404351293103,0.2541408117359603,0.008500560758226566,0.17493607568613773,0.030238608160994142,51.82161727147194
0.425,0.002445588208587858,0.20264913170969287,0.003687485412127357,0.2790464245475772,0.003549156716390526,0.24710871752452984,0.003413569290653669,0.15878257079072794,0.011535203359322363,51.72398327002893
0.475,0.0017596636892084569,0.18845695175955945,0.0020900743645267035,0.27812234784575934,0.002054660396250454,0.23815607843599554,0.002019615469408707,0.14133844682489816,0.006349005455654417,51.58068488913447
0.5249999999999999,0.001601379414266774,0.17309415551795668,0.0016836748152456258,0.276769118605273,0.0016748245577600652,0.22714489945596922,0.0016656100253789035,0.12306071764397475,0.005014607202666001,51.38042868227248
0.575,0.0015671389224134597,0.15669340818507338,0.0015871866268954346,0.2749696153621968,0.0015846197472828224,0.21380866642911855,0.0015815465427400151,0.10447382256806573,0.004692021569271639,51.11040773295853
0.625,0.0015600373669555126,0.13950607647321833,0.0015656606753507163,0.27266469107692565,0.0015643706621685427,0.19785359889217433,0.0015626506610573276,0.08624102914941377,0.004615909910680308,50.75680073023148
0.6749999999999999,0.001558453546271817,0.1219309368195956,0.00156106482018586,0.26978262373455136,0.0015598589515708752,0.17902117658164257,0.0015584175430054708,0.06916300928774767,0.00459511025147652,50.30512354718114
0.725,0.0015576418369861178,0.10451540000241541,0.0015598317241921577,0.26624881926402355,0.001558316754471366,0.15715846923108362,0.0015568088193547067,0.05411367727780539,0.004584426367827848,49.74058642424383
0.7749999999999999,0.0015553857373076007,0.08792160391167156,0.0015579805625193267,0.2619903201971214,0.001555559248027744,0.13232106918880424,0.0015533885161893954,0.04190546231856441,0.004570865928172615,49.04853355573206
0.825,0.0015453748639562535,0.0728464520726465,0.001549884209542825,0.25693973160613337,0.001544636550134993,0.10492587315515932,0.001539578519414056,0.033089399515473884,0.00453791826051635,48.21501133091161
0.875,0.0015035260478143812,0.059896634475993235,0.0015155286709888367,0.2510400709999678,0.0015018434946912791,0.07596209065291683,0.0014875217480525402,0.027737858419529894,0.004428492364756419,47.22748977014898
0.9249999999999999,0.0013543217136455213,0.049446152722316346,0.0013913787727372828,0.2442510852375562,0.0013567770785459668,0.047241073359599095,0.0013191478553124722,0.025314947549091762,0.004062316184912519,46.075729665434366
0.975,0.0009238275102227378,0.041533774164631374,0.0010267689016922917,0.23655627126294024,0.0009482547510605234,0.021594072898718498,0.0008709646938476655,0.024767101057292996,0.003018117162956714,44.75274267976219
