stage2_recovery,overall_recovery,product_purity,product_CO2_mol_min,net_tail_CO2_mol_min,tail_CO2_fraction,rinse_ratio,recycle_fraction,rinse_mol_min_assumed,utility,pareto_rank_recovery_purity,evaluation_id
0.6922433721270085,0.7149670635943699,0.9595132656004473,10.724505953915548,2.9472001041457534,0.0776658118664141,0.9570570814198209,0.3106761295002073,13.494504848019474,0.727722566859786,3,1
0.08025731740845284,0.10434071243623291,0.9593200098254526,1.5651106865434936,9.130947200554322,0.20690576069121014,0.20755622852011552,0.3203556063979863,2.9265428221336287,0.22739870133161297,6,2
0.09933662497142466,0.2761516919622974,0.9100868066700949,4.1422753794344604,2.3694742935567414,0.06340667987307724,1.2605754249883239,0.7817706401331328,17.774113492335367,0.33972757354375893,9,3
0.08000398023228532,0.09064146322598328,0.9622719726750139,1.3596219483897491,10.953989005058107,0.23836862135847256,0.06302486114841183,0.1969438850146104,0.8886505421926068,0.21981041811462756,5,4
0.10965798669316701,0.47212085862956127,0.9357296904732891,7.081812879443419,0.5227464047683837,0.014715821767041443,0.43104780146710714,0.933981554513751,6.077774000686211,0.5308859883694427,6,5
0.2903711912973365,0.31019313216261474,0.9722405199907723,4.652896982439221,8.484645834934593,0.19511820027560664,0.5744681718266588,0.1799979356023886,8.100001222755889,0.39513853604117194,3,6
0.1624619064513559,0.5211772182985823,0.9134191263542512,7.817658274478735,0.7326028392824241,0.020502364257580518,1.1685042860478654,0.8979994454066087,16.4759104332749,0.550800897355736,8,7
0.11564890569538494,0.15361456932967935,0.9621368270813481,2.30421853994519,8.231359128675367,0.19040250629584082,0.4422723680663782,0.3516461231965921,6.236040389735932,0.26383609879077013,5,8
0.45893887885108875,0.4987966207492974,0.9547908765751251,7.481949311239461,5.520815175322385,0.13624639957106838,1.0296180890156603,0.26565869214263405,14.51761505512081,0.5414553068977801,4,9
0.3281979589530086,0.42958782685454233,0.9423239141018371,6.443817402818135,4.737288823646018,0.11921519972512704,1.0762491247855543,0.44633149540236183,15.175112659476316,0.47959201182199773,5,10
0.8638728487085289,0.9159028217429513,0.9397401609691226,13.73854232614427,0.14354264232754957,0.004084467060946328,0.8911875057207339,0.8862089110855366,12.565743830662347,0.8971987349838586,2,11
0.08000873127444945,0.10672301999989028,0.9562201471986266,1.6008452999983542,8.823824263797318,0.20134765534569385,0.08811289748473539,0.341464110135527,1.242391854534769,0.23194476664258232,6,12
0.3942175474313236,0.5605484015867865,0.9379276243711404,8.408226023801799,2.6683841560272348,0.07083882719721792,1.051490409471208,0.5951948344008267,14.826014773544033,0.5908680247676594,5,13
0.08018391655884326,0.3166432402577434,0.9338478441272172,4.7496486038661505,1.2171092968553827,0.033605920529970634,0.19470114652336545,0.8812617002267412,2.745286165979453,0.4043564021750803,7,14
0.08751924186315019,0.08324481535664179,0.9399530700363806,1.2486722303496267,13.563218797228567,0.27928994686000097,1.3110898929234367,0.01367933159421668,18.486367490220456,0.17897380623551667,7,15
0.39764801623459034,0.46464740438257046,0.9655540463889535,6.969711065738557,5.257007675295496,0.1305861508062747,0.616384107289873,0.3453526120503173,8.69101591278721,0.524373798001281,4,16
0.919927543015966,0.9151599622412929,0.9520191805953104,13.727399433619393,0.34094270135243754,0.009647244110989439,0.831290031475123,0.7320897771387057,11.721189443799235,0.8999065942075174,0,17
0.9186156827587967,0.9340311049042838,0.9397498424913001,14.010466573564257,0.01277090642335643,0.0003647499495966345,0.8422680318707365,0.9870940121049203,11.875979249377384,0.9138322147455678,0,18
0.9124561036010829,0.8582994781270824,0.9842475034277229,12.874492171906237,2.1077304766288627,0.05680030682437857,0.8124375024248752,0.008363813687218676,11.45536878419074,0.8568807443615566,0,19
0.6125821643119427,0.8990166436122574,0.9379052588697901,13.48524965418386,0.0194687610640007,0.0005559410737163102,0.6848268627073069,0.9871472146431424,9.656058764173027,0.8877292643332045,3,20
0.8959541142398219,0.9320860498273609,0.9399529062218387,13.981290747410412,0.014211642737012841,0.0004058821281489786,0.7958404204487066,0.9860493632497335,11.221349928326763,0.9133700677753148,1,21
0.7656115061631954,0.9198998451411442,0.9313240093145148,13.798497677117163,0.014536284298800054,0.00041514998744445484,0.9324776317901151,0.9879015762001007,13.147934608240623,0.898301528972397,2,22
0.08000265504977967,0.5062307941663114,0.9266020922219909,7.593461912494671,0.11434672453198211,0.0032564104190523327,0.05040857429336411,0.9845613803397727,0.7107608975364339,0.5680262745173292,8,23
0.9155943245837717,0.8853634850722991,0.9688867637920467,13.280452276084487,1.1147991994083082,0.030868209823151187,0.8173796859938087,0.35169045679648625,11.525053572512702,0.877457484730416,0,24
0.8847993181777926,0.8329627303454947,0.980142464737949,12.494440955182421,2.4707988385955897,0.06593931581865885,0.8788520402662289,0.013873233717595275,12.391813767753828,0.8330683894977072,1,25
0.08389619833975351,0.5190095312111321,0.893256301635312,7.785142968166982,0.10963413434852189,0.0031226225237495258,1.3433064590777477,0.9848043926768334,18.940621072996244,0.5415638852978154,9,26
0.8605666922780086,0.9131250751698942,0.9447509352954336,13.696876127548412,0.16864339949341042,0.0047952773605091535,0.7737374053055205,0.8705852888903501,10.90969741480784,0.898525519056087,1,27
0.9118464218449556,0.933564119249365,0.9401502980592001,14.003461788740475,0.01198941933823514,0.0003424375346010188,0.8116055546231101,0.9879689316447969,11.443638320185853,0.9142619072052625,0,28
0.08329412580413398,0.07860833233499631,0.9754710311348721,1.1791249850249446,13.75724522087737,0.28215796767342083,0.31545590021322123,0.004603890421463241,4.447928193006419,0.20525133964964715,3,29
0.08338557707615563,0.14449859940015147,0.9130596295157638,2.1674789910022723,6.017904702493057,0.14671409342192193,1.3499295702038454,0.5310426767839689,19.03400693987422,0.22603451466239716,9,30
0.25302517030528243,0.7789046013097486,0.9355039040325585,11.683569019646228,0.035485179457496234,0.0010128353946216337,0.5568007004711301,0.9893001905760418,7.850889876642934,0.7884744792063917,4,31
0.08002386396751693,0.07529090141554577,0.9721398979307905,1.1293635212331865,13.856050174213339,0.28360970902896865,0.12151220814563671,0.0010515959073546621,1.7133221348534775,0.20678044568919154,4,32
0.3358689402350254,0.6507169236553173,0.9435730612736284,9.76075385482976,0.9186863715553075,0.025576836581719557,0.5934691048960797,0.8246529469889115,8.367914379034724,0.679808616675662,4,33
0.9199701019900036,0.8755310174160085,0.9776255226064148,13.132965261240127,1.562050385615547,0.04272327096376678,0.8320208069449287,0.16335226485764454,11.731493377923496,0.8700446730209462,0,34
0.08000267100041679,0.2159579585117999,0.9369955098469988,3.2393693776769985,2.8969889808287412,0.07644377716378113,0.05059373582762943,0.7536706088421883,0.713371675169575,0.322848747816389,6,35
0.8590647194162369,0.8841895126214924,0.9544597436105691,13.262842689322385,0.600147593151182,0.01685800856810603,0.7729603589670553,0.6545231744630646,10.89874106143548,0.8754060382956774,1,36
0.08054354618705764,0.5237112457123296,0.9297302291010419,7.855668685684945,0.07319866350511857,0.0020870256005844235,0.23717625975727302,0.9897543016575322,3.3441852625775494,0.5786846867267046,6,37
0.15385474987192743,0.14502916721781323,0.9529392084199507,2.1754375082671986,12.779457776922394,0.26746761833481725,1.1763712260615817,0.0035170568071608245,16.586834287468303,0.2368063927465943,6,38
0.4850828129738286,0.45634320900725617,0.9815437371629244,6.845148135108842,8.141362672124421,0.18871361885341933,0.6454540586192571,0.0016541309382716396,9.100902226531526,0.518986936765125,1,39
0.09426683737351102,0.11180120835920017,0.9327323914850341,1.6770181253880025,10.077085097294319,0.2235522788473113,1.2774644660494765,0.24363140383032383,18.01224897129762,0.20300427417683836,8,40
0.10627700272035581,0.5904942415008566,0.9024134325298927,8.85741362251285,0.06785712838049457,0.0019350235211714046,1.2428352935395939,0.9889530037983358,17.523977638908274,0.606211237816722,5,41
0.8345752790726713,0.8045400111342424,0.9764951027238206,12.068100167013636,2.4622711058474898,0.06572669069876956,0.7612864922833862,0.16017898082845505,10.734139541195745,0.8113011125655945,2,42
0.08002623459982447,0.5220248805898375,0.9277072390793041,7.830373208847563,0.07359702506967522,0.0020983597723686575,0.12473939000534498,0.9897348875731584,1.7588253990753642,0.5797587496131239,7,43
0.8863317296095528,0.8892437366148607,0.9542959662359305,13.33865604922291,0.6805633462680875,0.019073783663768,0.8778292015262357,0.5903537338251026,12.377391741519922,0.8770558410198652,0,44
0.4144873451906355,0.8530665116403661,0.920948091105818,12.795997674605491,0.028465649270809315,0.0008126433385871667,1.0444419728960876,0.9870845647743525,14.726631817834836,0.8371376992377817,4,45
0.14939022717996864,0.14111654540578308,0.9784715613174083,2.1167481810867463,12.804498362620306,0.26785132782885773,0.48592443407499575,0.0061128554653673275,6.85153452045744,0.25457168694065196,2,46
0.08436705801997357,0.16992741364089836,0.9480357284305416,2.5489112046134754,4.736192726288751,0.11919090384206263,0.3288031391519486,0.6196161794265219,4.6361242620424745,0.2784235823805461,5,47
0.9176805452165284,0.9288655548776734,0.9433166195281728,13.932983323165102,0.08357946586554713,0.002382295852875146,0.821764857647981,0.9216699535442411,11.586884492836532,0.9104890931340487,0,48
0.5232644168709488,0.49242233534721164,0.9685288499565099,7.3863350302081745,7.594558053564271,0.17829878746514582,1.00922817244681,0.002509555687485856,14.23011723150002,0.5386076082274361,3,49
0.08347914010782197,0.09310832941869486,0.9288637501504092,1.3966249412804228,11.120997564634761,0.24112656169350202,1.348650953295447,0.18248247095809103,19.0159784414658,0.18475536869606582,9,50
0.08000290775831627,0.07683966187901412,0.9698495132152062,1.1525949281852117,13.506291989171872,0.2784441241599523,0.05322392006595464,0.024633718799576466,0.7504572729299603,0.20946054157779403,4,51
0.5775054856736211,0.8484522014118692,0.9293805771528341,12.726783021178038,0.21157270276939386,0.006008612695471953,0.9925554830075585,0.9069280650547331,13.995032310406573,0.835777570697825,4,52
