stage2_recovery,overall_recovery,product_purity,product_CO2_mol_min,net_tail_CO2_mol_min,tail_CO2_fraction,rinse_ratio,recycle_fraction,rinse_mol_min_assumed,overall_recovery_percent
0.92,0.8648,0.985,12.972,2.0279999999999996,0.05476936372474883,0.8333333333333334,0.0,11.75,86.48
0.92,0.8667554001828125,0.98365,13.001331002742187,1.9387089273400782,0.05248447993008083,0.8333333333333334,0.03,11.75,86.67554001828125
0.92,0.8687196631199974,0.9823,13.030794946799961,1.851052750008037,0.0502306613210021,0.8333333333333334,0.06,11.75,86.87196631199974
0.92,0.8706928492034087,0.98095,13.060392738051132,1.765042608373471,0.04800871923840696,0.8333333333333334,0.09,11.75,87.06928492034088
0.92,0.8726750193748386,0.9796,13.090125290622579,1.6806897442521305,0.0458194694802732,0.8333333333333334,0.12,11.75,87.26750193748386
0.92,0.8746662351322922,0.97825,13.119993526984384,1.5980055020632737,0.04366373194772003,0.8333333333333334,0.15,11.75,87.46662351322922
0.92,0.876666558536348,0.9769,13.14999837804522,1.5170013300029197,0.04154233027771994,0.8333333333333334,0.18,11.75,87.66665585363481
0.92,0.8786760522166046,0.97555,13.180140783249069,1.4376887812332355,0.03945609146246671,0.8333333333333334,0.21,11.75,87.86760522166045
0.92,0.880694779378218,0.9742,13.210421690673272,1.3600795150883143,0.037405845455423796,0.8333333333333334,0.24,11.75,88.0694779378218
0.92,0.8827228038085284,0.97285,13.240842057127926,1.2841852982966138,0.03539242476409966,0.8333333333333334,0.27,11.75,88.27228038085283
0.92,0.884760189883778,0.9715,13.27140284825667,1.2100180062203307,0.03341666402961932,0.8333333333333334,0.3,11.75,88.4760189883778
0.92,0.8868070025759242,0.97015,13.302105038638862,1.1375896241119623,0.03147939959318516,0.8333333333333334,0.32999999999999996,11.75,88.68070025759242
0.92,0.8888633074595448,0.9688,13.332949611893172,1.06691224838837,0.029581469049545388,0.8333333333333334,0.36,11.75,88.88633074595448
0.92,0.8909291707188423,0.96745,13.363937560782635,0.9979980879225934,0.027723710787612488,0.8333333333333334,0.39,11.75,89.09291707188423
0.92,0.8930046591547434,0.9661,13.395069887321151,0.9308594653537329,0.02590696351840157,0.8333333333333334,0.42,11.75,89.30046591547433
0.92,0.8950898401921007,0.96475,13.42634760288151,0.8655088184151694,0.02413206579048373,0.8333333333333334,0.44999999999999996,11.75,89.50898401921008
0.92,0.8971847818869929,0.9634,13.457771728304893,0.8019587012814553,0.022399855493178668,0.8333333333333334,0.48,11.75,89.7184781886993
0.92,0.8992895529341297,0.96205,13.489343294011945,0.7402217859341466,0.020711169347736584,0.8333333333333334,0.51,11.75,89.92895529341297
0.92,0.9014042226743604,0.9607,13.521063340115406,0.6803108635469134,0.019066842386789816,0.8333333333333334,0.54,11.75,90.14042226743604
0.92,0.9035288611022885,0.95935,13.552932916534328,0.6222388458902395,0.01746770742238251,0.8333333333333334,0.57,11.75,90.35288611022885
0.92,0.9056635388739946,0.958,13.58495308310992,0.5660187667560321,0.01591459450291626,0.8333333333333334,0.6,11.75,90.56635388739946
0.92,0.9078083273148693,0.95665,13.617124909723039,0.5116637834024755,0.014408330359379504,0.8333333333333334,0.63,11.75,90.78083273148692
0.92,0.9099632984275565,0.9553,13.649449476413348,0.45918717801946185,0.01294973784125836,0.8333333333333334,0.6599999999999999,11.75,90.99632984275566
0.92,0.9121285249000117,0.95395,13.681927873500175,0.40860235921494553,0.011539635342557045,0.8333333333333334,0.69,11.75,91.21285249000117
0.92,0.9143040801136748,0.9526,13.714561201705122,0.3599228635225658,0.010178836218386202,0.8333333333333334,0.72,11.75,91.43040801136748
0.92,0.9164900381517592,0.9512499999999999,13.747350572276389,0.3131623569309029,0.008868148192608375,0.8333333333333334,0.75,11.75,91.64900381517592
0.92,0.9186864738076622,0.9499,13.780297107114933,0.2683346364347146,0.007608372757059691,0.8333333333333334,0.78,11.75,91.86864738076622
0.92,0.9208934625934949,0.94855,13.813401938902423,0.22545363160853957,0.0064003045628980995,0.8333333333333334,0.8099999999999999,11.75,92.0893462593495
0.92,0.9231110807487362,0.9472,13.846666211231042,0.18453340620303327,0.00524473080465805,0.8333333333333334,0.84,11.75,92.31110807487362
0.92,0.9253394052490113,0.94585,13.88009107873517,0.14558815976442807,0.004142430597621955,0.8333333333333334,0.87,11.75,92.53394052490113
0.92,0.9275785138149991,0.9445,13.913677707224986,0.10863222927750141,0.0030941743491480055,0.8333333333333334,0.8999999999999999,11.75,92.75785138149992
0.92,0.9298284849214677,0.9431499999999999,13.947427273822017,0.07368009083245894,0.0021007231246235095,0.8333333333333334,0.9299999999999999,11.75,92.98284849214677
0.92,0.9320893978064426,0.9418,13.981340967096639,0.04074636131613446,0.0011628280087411936,0.8333333333333334,0.96,11.75,93.20893978064426
0.92,0.9343613324805089,0.94045,14.015419987207633,0.009845800127923673,0.00028122946282407494,0.8333333333333334,0.99,11.75,93.4361332480509
