rinse_ratio,front_index_from_chart,stage2_recovery,overall_recovery_no_recycle,product_purity_est,rinse_mol_min_assumed
0.05,0.8333333333333334,0.0800026201764216,0.0752024629658363,0.9709,0.7050000000000001
0.07500000000000001,0.8333333333333334,0.08000580986351383,0.075205461271703,0.9713499999999999,1.0575
0.1,0.8333333333333334,0.08001255408436082,0.07521180083929917,0.9718,1.4100000000000001
0.125,0.8333333333333334,0.08002643552089243,0.07522484938963889,0.97225,1.7625
0.15,0.8333333333333334,0.08005424683676807,0.07525099202656198,0.9727,2.1149999999999998
0.15000000000000002,0.8333333333333334,0.08005424683676807,0.07525099202656198,0.9727,2.115
0.175,0.8333333333333334,0.0801084787524849,0.07530197002733581,0.97315,2.4675
0.2,0.8333333333333334,0.08021139692337599,0.07539871310797343,0.9736,2.8200000000000003
0.22500000000000003,0.8333333333333334,0.080401454526954,0.07557736725533676,0.97405,3.1725000000000003
0.25,0.8333333333333334,0.08074294689774648,0.07589837008388169,0.9745,3.525
0.275,0.8333333333333334,0.081339870744353,0.07645947849969181,0.97495,3.8775000000000004
0.3,0.8333333333333334,0.08235478766598693,0.07741350040602771,0.9753999999999999,4.2299999999999995
0.325,0.8333333333333334,0.08403296373799471,0.07899098591371502,0.97585,4.5825000000000005
0.35000000000000003,0.8333333333333334,0.08673101562539966,0.08152715468787568,0.9763,4.9350000000000005
0.375,0.8333333333333334,0.09094764225674785,0.08549078372134297,0.97675,5.2875
0.4,0.8333333333333334,0.09735179118519513,0.09151068371408341,0.9772,5.640000000000001
0.425,0.8333333333333334,0.106801046049887,0.10039298328689376,0.97765,5.9925
0.45,0.8333333333333334,0.12034065023455043,0.1131202112204774,0.9781,6.345
0.47500000000000003,0.8333333333333334,0.13917220596158456,0.13082187360388947,0.97855,6.697500000000001
0.5,0.8333333333333334,0.16458168704333753,0.15470678582073727,0.979,7.05
0.525,0.8333333333333334,0.1978198981820359,0.18595070429111374,0.9794499999999999,7.4025
0.55,0.8333333333333334,0.23993542172952442,0.22553929642575293,0.9799,7.755000000000001
0.5750000000000001,0.8333333333333334,0.29157014978133244,0.27407594079445247,0.9803499999999999,8.1075
0.6000000000000001,0.8333333333333334,0.3527393769571009,0.33157501433967485,0.9808,8.46
0.6250000000000001,0.8333333333333334,0.4226297043542445,0.39727192209298984,0.98125,8.812500000000002
0.6500000000000001,0.8333333333333334,0.4994555024233924,0.4694881722779888,0.9817,9.165000000000001
0.675,0.8333333333333334,0.5804152049118225,0.5455902926171131,0.98215,9.5175
0.7000000000000001,0.8333333333333334,0.6617800373635605,0.6220732351217468,0.9826,9.870000000000001
0.7250000000000001,0.8333333333333334,0.739129653082757,0.6947818738977916,0.98305,10.2225
0.7500000000000001,0.8333333333333334,0.8077238393823533,0.759260409019412,0.9835,10.575000000000001
0.7750000000000001,0.8333333333333334,0.8629717106109728,0.8111934079743144,0.98395,10.927500000000002
0.8,0.8333333333333334,0.9009359162643701,0.8468797612885078,0.9843999999999999,11.280000000000001
0.8250000000000001,0.8333333333333334,0.918795630063377,0.8636678922595743,0.98485,11.6325
0.8333333333333334,0.8333333333333334,0.92,0.8648,0.985,11.75
0.8500000000000001,0.8333333333333334,0.9151928711176169,0.8602812988505598,0.98345,11.985000000000001
0.8750000000000001,0.8333333333333334,0.8904031400011543,0.8369789516010849,0.9811249999999999,12.337500000000002
0.9000000000000001,0.8333333333333334,0.8463006048457048,0.7955225685549625,0.9788,12.690000000000001
0.925,0.8333333333333334,0.7861239444009844,0.7389565077369253,0.976475,13.0425
0.9500000000000001,0.8333333333333334,0.7140834611013028,0.6712384534352246,0.97415,13.395000000000001
0.9750000000000001,0.8333333333333334,0.6348756023815748,0.5967830662386803,0.9718249999999999,13.7475
1.0,0.8333333333333334,0.5531823647639998,0.5199914228781598,0.9695,14.1
1.0250000000000001,0.8333333333333334,0.4732286823978142,0.4448349614539453,0.967175,14.452500000000002
1.05,0.8333333333333334,0.39845314531804105,0.37454595659895856,0.96485,14.805
1.0750000000000002,0.8333333333333334,0.3313214832829114,0.31144219428593667,0.962525,15.157500000000002
1.1,0.8333333333333334,0.27328466665054224,0.2568875866515097,0.9601999999999999,15.510000000000002
1.125,0.8333333333333334,0.22486014245417363,0.2113685339069232,0.957875,15.862499999999999
1.1500000000000001,0.8333333333333334,0.1857996254315437,0.17465164790565108,0.9555499999999999,16.215
1.175,0.8333333333333334,0.1553014032211285,0.1459833190278608,0.953225,16.5675
1.2000000000000002,0.8333333333333334,0.13222828017857757,0.12429458336786291,0.9509,16.92
1.225,0.8333333333333334,0.11530141372948449,0.10838332890571542,0.948575,17.2725
1.2500000000000002,0.8333333333333334,0.1032521003112681,0.097056974292592,0.94625,17.625000000000004
1.2750000000000001,0.8333333333333334,0.0949250568666391,0.08922955345464074,0.943925,17.977500000000003
1.3,0.8333333333333334,0.08933584253732592,0.08397569198508636,0.9416,18.330000000000002
1.3250000000000002,0.8333333333333334,0.08569081881275123,0.08054936968398616,0.939275,18.6825
1.35,0.8333333333333334,0.08338049046945721,0.07837766104128978,0.9369500000000001,19.035
